rank_title,google_absolute_volume,google_surge_ratio,naver_trend_sum,naver_daily_ratio,naver_growth_slope
파반느,10000.0,500.0,231.73,"[{'period': '2026-02-17', 'ratio': 5.57987}, {'period': '2026-02-18', 'ratio': 5.37413}, {'period': '2026-02-19', 'ratio': 4.34673}, {'period': '2026-02-20', 'ratio': 25.97981}, {'period': '2026-02-21', 'ratio': 68.19868}, {'period': '2026-02-22', 'ratio': 73.4927}, {'period': '2026-02-23', 'ratio': 48.76205}]",11.77
김지호,5000.0,900.0,13.46,"[{'period': '2026-02-17', 'ratio': 0.43903}, {'period': '2026-02-18', 'ratio': 0.6031}, {'period': '2026-02-19', 'ratio': 0.56273}, {'period': '2026-02-20', 'ratio': 0.614}, {'period': '2026-02-21', 'ratio': 0.54863}, {'period': '2026-02-22', 'ratio': 0.63259}, {'period': '2026-02-23', 'ratio': 10.05864}]",1.03
챈슬러,200.0,300.0,0.54,"[{'period': '2026-02-17', 'ratio': 0.03076}, {'period': '2026-02-18', 'ratio': 0.03396}, {'period': '2026-02-19', 'ratio': 0.0314}, {'period': '2026-02-20', 'ratio': 0.0314}, {'period': '2026-02-21', 'ratio': 0.04101}, {'period': '2026-02-22', 'ratio': 0.03332}, {'period': '2026-02-23', 'ratio': 0.34289}]",0.03
윤영경,5000.0,900.0,100.16,"[{'period': '2026-02-17', 'ratio': 0.01345}, {'period': '2026-02-18', 'ratio': 0.01153}, {'period': '2026-02-19', 'ratio': 0.0205}, {'period': '2026-02-20', 'ratio': 0.02499}, {'period': '2026-02-21', 'ratio': 0.01345}, {'period': '2026-02-22', 'ratio': 0.07242}, {'period': '2026-02-23', 'ratio': 100}]",10.72
청년문화예술패스,200.0,100.0,20.2,"[{'period': '2026-02-17', 'ratio': 3.01041}, {'period': '2026-02-18', 'ratio': 3.3078}, {'period': '2026-02-19', 'ratio': 3.09053}, {'period': '2026-02-20', 'ratio': 2.55984}, {'period': '2026-02-21', 'ratio': 2.33488}, {'period': '2026-02-22', 'ratio': 2.73609}, {'period': '2026-02-23', 'ratio': 3.1591}]",-0.05
sydney sweeney,2000.0,1000.0,9.37,"[{'period': '2026-02-17', 'ratio': 1.58506}, {'period': '2026-02-18', 'ratio': 3.80415}, {'period': '2026-02-19', 'ratio': 1.30327}, {'period': '2026-02-20', 'ratio': 0.84536}, {'period': '2026-02-21', 'ratio': 0.84536}, {'period': '2026-02-22', 'ratio': 0.66924}, {'period': '2026-02-23', 'ratio': 0.31701}]",-0.38
xg,200.0,200.0,260.9,"[{'period': '2026-02-17', 'ratio': 24.69179}, {'period': '2026-02-18', 'ratio': 26.91088}, {'period': '2026-02-19', 'ratio': 25.57238}, {'period': '2026-02-20', 'ratio': 28.91863}, {'period': '2026-02-21', 'ratio': 27.79147}, {'period': '2026-02-22', 'ratio': 27.01655}, {'period': '2026-02-23', 'ratio': 100}]",8.16
안소진,500.0,300.0,4.58,"[{'period': '2026-02-17', 'ratio': 0.28178}, {'period': '2026-02-18', 'ratio': 0.84536}, {'period': '2026-02-19', 'ratio': 0.73969}, {'period': '2026-02-20', 'ratio': 0.63402}, {'period': '2026-02-21', 'ratio': 0.66924}, {'period': '2026-02-22', 'ratio': 0.81014}, {'period': '2026-02-23', 'ratio': 0.5988}]",0.03
김규리,500.0,600.0,315.89,"[{'period': '2026-02-17', 'ratio': 70.37689}, {'period': '2026-02-18', 'ratio': 42.97287}, {'period': '2026-02-19', 'ratio': 37.16097}, {'period': '2026-02-20', 'ratio': 38.67558}, {'period': '2026-02-21', 'ratio': 39.97886}, {'period': '2026-02-22', 'ratio': 45.72032}, {'period': '2026-02-23', 'ratio': 41.00035}]",-2.85
윤하,500.0,600.0,225.54,"[{'period': '2026-02-17', 'ratio': 44.41704}, {'period': '2026-02-18', 'ratio': 38.04156}, {'period': '2026-02-19', 'ratio': 25.1497}, {'period': '2026-02-20', 'ratio': 28.53117}, {'period': '2026-02-21', 'ratio': 28.53117}, {'period': '2026-02-22', 'ratio': 26.38252}, {'period': '2026-02-23', 'ratio': 34.48397}]",-1.78
에반게리온,1000.0,200.0,6.24,"[{'period': '2026-02-17', 'ratio': 0.82582}, {'period': '2026-02-18', 'ratio': 0.81951}, {'period': '2026-02-19', 'ratio': 0.8957}, {'period': '2026-02-20', 'ratio': 0.8203}, {'period': '2026-02-21', 'ratio': 0.86806}, {'period': '2026-02-22', 'ratio': 0.9936}, {'period': '2026-02-23', 'ratio': 1.01965}]",0.03
찬란한 너의 계절에,5000.0,400.0,260.69,"[{'period': '2026-02-17', 'ratio': 4.15757}, {'period': '2026-02-18', 'ratio': 3.65228}, {'period': '2026-02-19', 'ratio': 5.29091}, {'period': '2026-02-20', 'ratio': 79.46913}, {'period': '2026-02-21', 'ratio': 100}, {'period': '2026-02-22', 'ratio': 48.50486}, {'period': '2026-02-23', 'ratio': 19.62016}]",8.24
유튜브 문제가 발생했습니다,100000.0,1000.0,15.46,"[{'period': '2026-02-17', 'ratio': 0.00236}, {'period': '2026-02-18', 'ratio': 15.38995}, {'period': '2026-02-19', 'ratio': 0.03829}, {'period': '2026-02-20', 'ratio': 0.01579}, {'period': '2026-02-21', 'ratio': 0.00631}, {'period': '2026-02-22', 'ratio': 0.00236}, {'period': '2026-02-23', 'ratio': 0.00473}]",-1.1
김태리,2000.0,400.0,30.15,"[{'period': '2026-02-17', 'ratio': 1.84706}, {'period': '2026-02-18', 'ratio': 1.5577}, {'period': '2026-02-19', 'ratio': 1.31216}, {'period': '2026-02-20', 'ratio': 1.93627}, {'period': '2026-02-21', 'ratio': 2.31327}, {'period': '2026-02-22', 'ratio': 12.79562}, {'period': '2026-02-23', 'ratio': 8.38777}]",1.54
박진희,500.0,1000.0,5.63,"[{'period': '2026-02-17', 'ratio': 0.2183}, {'period': '2026-02-18', 'ratio': 0.43146}, {'period': '2026-02-19', 'ratio': 0.73266}, {'period': '2026-02-20', 'ratio': 0.44804}, {'period': '2026-02-21', 'ratio': 0.40896}, {'period': '2026-02-22', 'ratio': 0.38567}, {'period': '2026-02-23', 'ratio': 3.0033}]",0.28
eric dane,2000.0,400.0,6.57,"[{'period': '2026-02-20', 'ratio': 2.36733}, {'period': '2026-02-21', 'ratio': 2.43568}, {'period': '2026-02-22', 'ratio': 1.16207}, {'period': '2026-02-23', 'ratio': 0.60442}]",-0.66
정동원,500.0,100.0,249.83,"[{'period': '2026-02-17', 'ratio': 41.17647}, {'period': '2026-02-18', 'ratio': 23.99712}, {'period': '2026-02-19', 'ratio': 19.39197}, {'period': '2026-02-20', 'ratio': 19.68699}, {'period': '2026-02-21', 'ratio': 19.65101}, {'period': '2026-02-22', 'ratio': 25.92552}, {'period': '2026-02-23', 'ratio': 100}]",6.45
bts 광화문 공연,500.0,300.0,48.08,"[{'period': '2026-02-17', 'ratio': 4.44684}, {'period': '2026-02-18', 'ratio': 3.82802}, {'period': '2026-02-19', 'ratio': 4.70228}, {'period': '2026-02-20', 'ratio': 6.52275}, {'period': '2026-02-21', 'ratio': 7.45457}, {'period': '2026-02-22', 'ratio': 4.6663}, {'period': '2026-02-23', 'ratio': 16.45619}]",1.44
김은희,2000.0,400.0,315.78,"[{'period': '2026-02-17', 'ratio': 33.54919}, {'period': '2026-02-18', 'ratio': 45.04767}, {'period': '2026-02-19', 'ratio': 41.36715}, {'period': '2026-02-20', 'ratio': 37.18654}, {'period': '2026-02-21', 'ratio': 45.33549}, {'period': '2026-02-22', 'ratio': 64.8318}, {'period': '2026-02-23', 'ratio': 48.46195}]",3.15
블랙핑크,1000.0,200.0,123.58,"[{'period': '2026-02-17', 'ratio': 11.99136}, {'period': '2026-02-18', 'ratio': 11.58481}, {'period': '2026-02-19', 'ratio': 17.2441}, {'period': '2026-02-20', 'ratio': 18.00683}, {'period': '2026-02-21', 'ratio': 26.13779}, {'period': '2026-02-22', 'ratio': 19.3452}, {'period': '2026-02-23', 'ratio': 19.26965}]",1.65
꽃분이,2000.0,500.0,135.62,"[{'period': '2026-02-17', 'ratio': 0.11086}, {'period': '2026-02-18', 'ratio': 0.13996}, {'period': '2026-02-19', 'ratio': 0.13165}, {'period': '2026-02-20', 'ratio': 0.13303}, {'period': '2026-02-21', 'ratio': 100}, {'period': '2026-02-22', 'ratio': 25.14135}, {'period': '2026-02-23', 'ratio': 9.95842}]",6.41
지석진,1000.0,800.0,103.94,"[{'period': '2026-02-17', 'ratio': 15.61252}, {'period': '2026-02-18', 'ratio': 11.91103}, {'period': '2026-02-19', 'ratio': 5.03464}, {'period': '2026-02-20', 'ratio': 5.10393}, {'period': '2026-02-21', 'ratio': 11.31929}, {'period': '2026-02-22', 'ratio': 39.37915}, {'period': '2026-02-23', 'ratio': 15.58065}]",2.18
최불암,2000.0,200.0,129.65,"[{'period': '2026-02-17', 'ratio': 4.59257}, {'period': '2026-02-18', 'ratio': 3.07233}, {'period': '2026-02-19', 'ratio': 8.4756}, {'period': '2026-02-20', 'ratio': 54.53575}, {'period': '2026-02-21', 'ratio': 26.05875}, {'period': '2026-02-22', 'ratio': 21.54101}, {'period': '2026-02-23', 'ratio': 11.37333}]",2.67
